capital_prestado,plazo_meses,edad_cliente,salario_cliente,total_otros_prestamos,cuota_pactada,puntaje_datacredito,cant_creditosvigentes,huella_consulta,creditos_sectorFinanciero,creditos_sectorCooperativo,creditos_sectorReal,promedio_ingresos_datacredito,grupoEdad,es_independiente,anio_prestamo,mes_prestamo,dia_semana_prestamo,fin_de_mes,total_creditos,tipo_credito_4,tipo_credito_9,tipo_credito_10,tipo_credito_6,tipo_credito_7,tendencia_ingresos_Estable,tendencia_ingresos_Creciente,tendencia_ingresos_Decreciente,tendencia_ingresos_Sin_informacion,prediction,timestamp
1037674.7999999999,10,31,3570000,1616000,91040,787.0,7,0,5,0,1,1163721.0,1,0,2025,11,3,0,6,0,1,0,0,0,1,0,0,0,1,2026-02-12 18:27:47.792800
2708160.0,6,37,5000000,2500000,401946,790.0,8,4,6,0,1,6985072.0,1,0,2025,2,5,0,7,1,0,0,0,0,0,0,1,0,1,2026-02-12 18:27:47.792800
3232504.8,10,31,2690000,1960000,283601,779.0,7,7,4,0,2,4110342.0,1,0,2025,11,4,0,6,0,1,0,0,0,0,1,0,0,1,2026-02-12 18:27:47.792800
624000.0,12,44,2000000,1400000,48984,733.0,9,8,5,0,2,1150000.0,1,0,2024,12,5,0,7,1,0,0,0,0,0,1,0,0,0,2026-02-12 18:27:47.792800
1412400.0,12,31,1560000,694000,112668,709.0,8,0,1,0,3,922222.0,1,0,2025,8,5,0,4,1,0,0,0,0,0,1,0,0,1,2026-02-12 18:27:47.792800
714000.0,6,32,3000000,400000,105972,783.0,0,4,0,0,0,757105.0,1,1,2025,2,5,0,0,1,0,0,0,0,0,0,1,0,0,2026-02-12 18:27:47.792800
929032.7999999999,3,28,3630000,1731000,249533,754.0,6,5,2,0,2,1809629.0,0,0,2025,11,5,0,4,0,1,0,0,0,0,0,1,0,0,2026-02-12 18:27:47.792800
1643758.8,18,42,3000000,1000000,92161,739.0,17,3,6,0,8,1417771.0,1,0,2025,6,5,0,14,1,0,0,0,0,0,1,0,0,1,2026-02-12 18:27:47.792800
1096680.0,10,41,2200000,500000,101375,745.0,4,6,1,0,0,883289.0,1,0,2024,12,4,0,1,1,0,0,0,0,0,0,1,0,0,2026-02-12 18:27:47.792800
1871511.5999999999,10,46,3500000,1800000,158733,833.0,3,3,2,0,0,908526.0,1,0,2025,2,2,0,2,0,1,0,0,0,1,0,0,0,1,2026-02-12 18:27:47.792800
778560.0,6,29,1435000,184000,117199,774.0,5,4,2,0,1,1324743.0,0,0,2025,8,0,0,3,1,0,0,0,0,0,1,0,0,1,2026-02-12 18:27:47.792800
1848000.0,6,38,2040000,958000,278466,828.0,5,2,3,0,0,1204496.0,1,0,2025,7,4,0,3,1,0,0,0,0,0,0,0,1,1,2026-02-12 18:27:47.792800
4676100.0,12,54,5000000,2500000,366918,823.0,3,3,2,0,0,3782545.0,2,0,2025,2,0,0,2,1,0,0,0,0,0,1,0,0,1,2026-02-12 18:27:47.792800
586680.0,5,44,5000000,2000000,95233,903.0,11,1,3,0,6,1204496.0,1,1,2025,4,5,0,9,0,1,0,0,0,0,0,0,1,1,2026-02-12 18:27:47.792800
3107748.0,12,31,6600000,1000000,215816,751.0,7,5,3,0,1,917673.0,1,0,2025,1,4,0,4,1,0,0,0,0,0,1,0,0,0,2026-02-12 18:27:47.792800
3269640.0,12,26,2000000,800000,227058,710.0,4,2,0,0,2,1887918.0,0,0,2025,1,2,0,2,1,0,0,0,0,0,1,0,0,0,2026-02-12 18:27:47.792800
2550196.8,11,55,2000000,1100000,198412,779.0,1,0,0,0,1,1204496.0,2,0,2025,1,6,0,1,0,1,0,0,0,0,0,0,1,1,2026-02-12 18:27:47.792800
554432.4,12,48,1200000,300000,43613,738.0,8,2,2,0,3,1204496.0,1,1,2025,3,4,0,5,1,0,0,0,0,0,0,0,1,1,2026-02-12 18:27:47.792800
1436400.0,24,48,1000000,600000,63131,807.0,3,3,3,0,0,1197944.0,1,0,2025,1,6,0,3,1,0,0,0,0,0,1,0,0,1,2026-02-12 18:27:47.792800
2563078.8,12,23,1600000,300000,201102,814.0,5,1,1,0,2,1697342.0,0,0,2024,12,1,0,3,1,0,0,0,0,0,1,0,0,1,2026-02-12 18:27:47.792800
960000.0,6,35,5110000,3149000,144498,777.0,7,7,5,0,1,1416228.0,1,1,2025,8,1,0,6,1,0,0,0,0,0,0,1,0,1,2026-02-12 18:27:47.792800
1282879.2,10,28,4512000,1258000,113718,842.0,7,1,4,1,1,1199308.0,0,0,2025,12,2,0,6,0,1,0,0,0,0,0,1,0,1,2026-02-12 18:27:47.792800
3116054.4,10,50,2500000,1500000,264567,826.0,5,3,3,0,2,1204496.0,1,1,2025,3,5,0,5,0,1,0,0,0,0,0,0,1,1,2026-02-12 18:27:47.792800
5170490.399999999,9,45,2000000,1000000,484730,713.0,2,1,0,0,1,954263.0,1,0,2025,7,6,0,1,0,1,0,0,0,0,1,0,0,0,2026-02-12 18:27:47.792800
1604491.2,6,26,1800000,1945000,220719,776.0,2,4,2,0,0,1733334.0,0,0,2025,8,3,0,2,0,1,0,0,0,0,1,0,0,1,2026-02-12 18:27:47.792800
2528768.4,18,64,3000000,1000000,140542,790.0,12,11,3,1,6,2540601.0,2,0,2025,2,1,0,10,1,0,0,0,0,0,1,0,0,1,2026-02-12 18:27:47.792800
1145760.0,10,27,1600000,500000,106136,855.0,6,3,5,0,0,931394.0,0,0,2025,3,2,0,5,1,0,0,0,0,0,1,0,0,1,2026-02-12 18:27:47.792800
1097136.0,6,66,1400000,400000,163214,787.0,2,2,2,0,0,925157.0,2,0,2025,1,6,0,2,1,0,0,0,0,0,1,0,0,1,2026-02-12 18:27:47.792800
1187880.0,12,36,5000000,450000,82492,902.0,4,2,1,0,1,11278003.0,1,0,2025,1,2,0,2,1,0,0,0,0,0,0,1,0,1,2026-02-12 18:27:47.792800
2263946.4,11,47,3100000,1500000,176443,809.0,5,4,1,0,0,878242.0,1,0,2025,3,6,0,1,0,1,0,0,0,0,0,1,0,1,2026-02-12 18:27:47.792800
6927600.0,18,41,7000000,0,384394,740.0,2,5,1,0,1,1052777.0,1,0,2025,5,6,0,2,1,0,0,0,0,0,1,0,0,0,2026-02-12 18:27:47.792800
9461502.0,10,41,13280000,7108000,820270,872.0,8,7,5,2,0,1355500.0,1,1,2025,9,6,0,7,0,1,0,0,0,0,1,0,0,1,2026-02-12 18:27:47.792800
4454400.0,36,46,5500000,500000,147943,793.0,4,7,2,1,0,3845237.0,1,0,2025,5,1,0,3,1,0,0,0,0,0,1,0,0,1,2026-02-12 18:27:47.792800
1687792.8,9,59,4000000,2000000,158154,873.0,4,0,2,1,0,1204496.0,2,0,2025,6,5,0,3,0,1,0,0,0,0,0,0,1,1,2026-02-12 18:27:47.792800
3307081.1999999997,12,28,2700000,800000,229658,779.0,3,6,2,0,0,822720.0,0,0,2025,1,3,0,2,1,0,0,0,0,0,0,1,0,0,2026-02-12 18:27:47.792800
1200000.0,8,31,2500000,1800000,136105,813.0,2,5,1,0,0,1967326.0,1,0,2024,12,2,0,1,1,0,0,0,0,0,1,0,0,1,2026-02-12 18:27:47.792800
1921018.7999999998,9,27,3400000,1400000,179578,749.0,6,6,3,1,1,2250191.0,0,1,2025,3,0,0,5,0,1,0,0,0,0,1,0,0,0,2026-02-12 18:27:47.792800
3689902.8,10,28,3000000,1100000,312960,745.0,2,5,1,0,0,1204496.0,0,1,2025,2,4,0,1,0,1,0,0,0,0,0,0,1,0,2026-02-12 18:27:47.792800
1885438.8,8,42,3000000,1000000,216337,842.0,5,2,3,0,0,961885.0,1,1,2025,7,4,0,3,1,0,0,0,0,0,1,0,0,1,2026-02-12 18:27:47.792800
495600.0,6,40,6000000,3000000,73509,798.0,7,4,3,0,3,4350519.0,1,0,2025,1,4,0,6,1,0,0,0,0,0,1,0,0,1,2026-02-12 18:27:47.792800
2811600.0,36,43,6500000,4500000,91602,755.0,8,2,7,0,1,5541036.0,1,0,2025,1,0,0,8,1,0,0,0,0,0,1,0,0,1,2026-02-12 18:27:47.792800
4317361.2,12,51,3000000,2000000,299817,840.0,7,0,4,0,1,1204496.0,2,1,2025,1,2,0,5,1,0,0,0,0,0,0,0,1,1,2026-02-12 18:27:47.792800
1498992.0,2,42,5000000,2000000,591302,802.0,6,1,2,0,2,939017.0,1,1,2025,5,3,0,4,0,1,0,0,0,0,1,0,0,1,2026-02-12 18:27:47.792800
4023600.0,12,51,6000000,2500000,316112,780.0,13,10,9,0,4,2400000.0,2,1,2025,4,6,0,13,1,0,0,0,0,1,0,0,0,0,2026-02-12 18:27:47.792800
1258714.8,10,40,2000000,600000,116764,854.0,7,3,5,0,2,923771.0,1,1,2025,2,0,0,7,1,0,0,0,0,0,1,0,0,1,2026-02-12 18:27:47.792800
1307520.0,6,26,2000000,500000,193866,753.0,6,5,0,0,4,1077305.0,0,0,2025,1,4,0,4,1,0,0,0,0,0,1,0,0,0,2026-02-12 18:27:47.792800
1062100.8,10,32,2000000,1400000,89941,781.0,4,0,1,0,1,1204496.0,1,0,2024,12,5,0,2,0,1,0,0,0,0,0,0,1,1,2026-02-12 18:27:47.792800
1604400.0,5,59,5000000,2000000,260282,886.0,13,1,11,0,1,1200000.0,2,1,2025,3,3,0,12,0,1,0,0,0,1,0,0,0,1,2026-02-12 18:27:47.792800
2537520.0,24,63,2000000,250000,111186,859.0,3,2,0,0,1,1950922.0,2,0,2025,2,5,0,1,1,0,0,0,0,0,1,0,0,1,2026-02-12 18:27:47.792800
1661520.0,12,28,1200000,400000,130124,783.0,6,3,4,0,2,1100000.0,0,0,2025,1,4,0,6,1,0,0,0,0,1,0,0,0,1,2026-02-12 18:27:47.792800
6000000.0,36,40,4200000,0,195480,810.0,4,2,1,0,0,908526.0,1,0,2024,12,1,1,1,1,0,0,0,0,0,1,0,0,0,2026-02-12 18:27:47.792800
1072560.0,6,27,2500000,400000,148967,737.0,4,2,3,0,0,1466666.0,0,0,2025,1,2,0,3,1,0,0,0,0,0,1,0,0,1,2026-02-12 18:27:47.792800
1727880.0,6,31,1200000,300000,257914,756.0,4,3,0,1,1,1597237.0,1,0,2025,5,1,0,2,1,0,0,0,0,0,1,0,0,1,2026-02-12 18:27:47.792800
2591889.6,9,62,5767000,2500000,242872,782.0,8,2,2,0,1,5958384.0,2,0,2025,5,5,0,3,0,1,0,0,0,0,0,1,0,1,2026-02-12 18:27:47.792800
2781240.0,12,48,9000000,3500000,219049,858.0,11,0,8,0,0,1107780.0,1,0,2025,5,2,0,8,1,0,0,0,0,0,1,0,0,1,2026-02-12 18:27:47.792800
895752.0,6,67,1500000,250000,133044,895.0,7,2,5,0,0,1134999.0,2,0,2025,4,4,0,5,1,0,0,0,0,0,1,0,0,1,2026-02-12 18:27:47.792800
2016015.5999999999,10,31,3000000,1500000,171169,746.0,7,4,3,0,1,2640360.0,1,0,2025,3,2,0,4,0,1,0,0,0,0,1,0,0,1,2026-02-12 18:27:47.792800
3215880.0,6,43,3500000,1100000,478080,796.0,8,4,4,0,0,1204496.0,1,0,2025,4,4,0,4,1,0,0,0,0,0,0,0,1,1,2026-02-12 18:27:47.792800
1269000.0,2,45,5000000,2000000,500578,803.0,4,3,0,1,1,933500.0,1,0,2025,5,5,0,2,0,1,0,0,0,0,1,0,0,1,2026-02-12 18:27:47.792800
3583200.0,6,51,9000000,790000,532566,799.0,3,2,1,0,1,1204496.0,2,1,2025,3,0,0,2,1,0,0,0,0,0,0,0,1,1,2026-02-12 18:27:47.792800
1960020.0,12,35,2000000,300000,153796,868.0,6,5,4,0,1,1518055.0,1,0,2024,12,1,0,5,1,0,0,0,0,0,0,1,0,1,2026-02-12 18:27:47.792800
2129019.6,10,33,4500000,2800000,181237,746.0,5,5,1,0,0,469405.0,1,1,2025,5,5,0,1,0,1,0,0,0,0,1,0,0,0,2026-02-12 18:27:47.792800
5975440.8,11,42,4780000,1227000,476119,831.0,8,3,5,0,0,1500000.0,1,1,2025,10,0,0,5,0,1,0,0,0,0,1,0,0,1,2026-02-12 18:27:47.792800
2492400.0,6,38,4500000,1500000,370173,807.0,3,2,1,0,0,1204496.0,1,0,2025,3,3,0,1,1,0,0,0,0,0,0,0,1,1,2026-02-12 18:27:47.792800
2145873.6,10,30,2200000,1000000,182768,849.0,6,3,4,2,0,1204496.0,0,0,2025,6,5,0,6,0,1,0,0,0,0,0,0,1,1,2026-02-12 18:27:47.792800
2121424.8,10,67,2300000,1200000,180686,811.0,3,4,3,0,0,1204496.0,2,0,2025,6,3,0,3,0,1,0,0,0,0,0,0,1,1,2026-02-12 18:27:47.792800
733080.0,6,51,1500000,600000,108988,845.0,9,2,5,1,1,1408305.0,2,0,2025,4,2,0,7,1,0,0,0,0,0,0,1,0,1,2026-02-12 18:27:47.792800
2716800.0,12,20,2000000,900000,213797,702.0,7,3,2,0,1,1204496.0,0,1,2025,4,4,0,3,1,0,0,0,0,0,0,0,1,0,2026-02-12 18:27:47.792800
3600000.0,18,57,1200000,400000,199015,769.0,2,2,0,0,2,1028087.0,2,0,2024,12,1,0,2,1,0,0,0,0,0,1,0,0,1,2026-02-12 18:27:47.792800
1067880.0,6,38,2000000,1000000,148317,856.0,4,2,3,0,0,866885.0,1,1,2025,1,1,0,3,1,0,0,0,0,0,1,0,0,1,2026-02-12 18:27:47.792800
3038880.0,24,34,8000000,1000000,133561,799.0,7,9,5,0,0,7245633.0,1,0,2025,5,0,0,5,1,0,0,0,0,0,1,0,0,1,2026-02-12 18:27:47.792800
2831401.1999999997,12,40,3000000,1000000,196625,830.0,6,5,4,0,1,908526.0,1,0,2025,1,4,0,5,1,0,0,0,0,1,0,0,0,1,2026-02-12 18:27:47.792800
1993920.0,18,26,1661600,300000,110346,794.0,2,6,1,0,1,908526.0,0,0,2025,4,3,0,2,1,0,0,0,0,0,1,0,0,0,2026-02-12 18:27:47.792800
2696280.0,12,61,15000000,1000000,211831,799.0,11,5,4,2,3,1204496.0,2,1,2025,2,2,0,9,1,0,0,0,0,0,0,0,1,1,2026-02-12 18:27:47.792800
3960000.0,8,29,4500000,620000,450451,744.0,3,4,1,0,0,1420944.0,0,1,2025,2,4,0,1,1,0,0,0,0,0,0,1,0,0,2026-02-12 18:27:47.792800
1200000.0,6,60,9021731,535000,179717,872.0,5,2,4,1,0,3932566.0,2,0,2025,7,6,0,5,1,0,0,0,0,0,1,0,0,1,2026-02-12 18:27:47.792800
1960681.2,18,29,4200000,1350000,108712,837.0,4,0,3,0,1,2543873.0,0,0,2025,2,2,0,4,1,0,0,0,0,0,1,0,0,1,2026-02-12 18:27:47.792800
1079880.0,12,62,3000000,200000,84945,856.0,9,3,6,0,0,1204496.0,2,0,2025,2,4,1,6,1,0,0,0,0,0,0,0,1,1,2026-02-12 18:27:47.792800
1274160.0,10,65,2500000,200000,117897,817.0,1,2,0,0,1,939017.0,2,1,2025,4,3,0,1,1,0,0,0,0,0,1,0,0,1,2026-02-12 18:27:47.792800
5504400.0,24,29,3500000,300000,191125,750.0,11,18,4,3,3,3629547.0,0,0,2025,6,6,0,10,1,0,0,0,0,0,0,1,0,0,2026-02-12 18:27:47.792800
4347720.0,12,41,2300000,1000000,341576,778.0,6,3,1,0,2,1964543.0,1,0,2025,3,4,0,3,1,0,0,0,0,0,0,1,0,1,2026-02-12 18:27:47.792800
1780200.0,12,40,2300000,300000,139512,732.0,4,8,2,0,1,1933546.0,1,0,2025,1,1,0,3,1,0,0,0,0,0,1,0,0,0,2026-02-12 18:27:47.792800
2879880.0,12,63,4000000,1000000,199992,840.0,2,0,1,0,0,1204496.0,2,1,2025,1,5,0,1,1,0,0,0,0,0,0,0,1,1,2026-02-12 18:27:47.792800
1139880.0,12,44,1200000,0,89702,817.0,3,0,0,0,1,1204496.0,1,0,2025,4,4,0,1,1,0,0,0,0,0,0,0,1,1,2026-02-12 18:27:47.792800
1188625.2,10,41,14453000,4450000,105363,797.0,8,8,5,0,0,1000000.0,1,0,2026,1,4,0,5,0,1,0,0,0,1,0,0,0,1,2026-02-12 18:27:47.792800
1288800.0,12,53,2400000,700000,101128,791.0,2,2,0,0,0,886538.0,2,0,2025,2,0,0,0,1,0,0,0,0,0,0,1,0,1,2026-02-12 18:27:47.792800
799680.0,11,32,3100000,1750000,62217,770.0,3,5,1,0,2,1204496.0,1,0,2025,1,2,0,3,0,1,0,0,0,0,0,0,1,0,2026-02-12 18:27:47.792800
1036800.0,6,38,3000000,1200000,153888,816.0,3,3,1,0,1,1651743.0,1,0,2025,2,0,0,2,1,0,0,0,0,0,1,0,0,1,2026-02-12 18:27:47.792800
964018.7999999999,4,63,2000000,600000,193771,846.0,3,0,2,0,1,1204496.0,2,1,2025,5,4,0,3,0,1,0,0,0,0,0,0,1,1,2026-02-12 18:27:47.792800
1740000.0,8,50,4500000,2500000,197754,801.0,8,9,4,0,3,916148.0,1,0,2025,1,0,0,7,1,0,0,0,0,0,1,0,0,1,2026-02-12 18:27:47.792800
1296000.0,6,45,2000000,400000,192491,705.0,5,6,3,0,0,2272402.0,1,0,2025,2,6,0,3,1,0,0,0,0,0,1,0,0,0,2026-02-12 18:27:47.792800
1176000.0,8,69,2000000,500000,133770,757.0,10,3,2,1,4,923771.0,2,0,2025,1,3,0,7,1,0,0,0,0,0,1,0,0,1,2026-02-12 18:27:47.792800
2778360.0,8,30,2000000,400000,315399,713.0,3,3,2,0,0,1278046.0,0,0,2025,3,0,0,2,1,0,0,0,0,0,1,0,0,0,2026-02-12 18:27:47.792800
3594000.0,10,33,12000000,5000000,331333,792.0,8,2,5,0,0,1204496.0,1,1,2024,12,1,0,5,1,0,0,0,0,0,0,0,1,1,2026-02-12 18:27:47.792800
1308000.0,10,33,3000000,700000,121982,814.0,4,10,2,0,1,865374.0,1,0,2025,6,2,0,3,1,0,0,0,0,0,1,0,0,1,2026-02-12 18:27:47.792800
2988000.0,12,49,2800000,800000,234750,738.0,9,9,5,0,0,1204496.0,1,1,2025,2,0,0,5,1,0,0,0,0,0,0,0,1,0,2026-02-12 18:27:47.792800
360000.0,6,61,2280000,707000,54647,806.0,6,5,3,0,3,2047563.0,2,0,2025,9,2,0,6,1,0,0,0,0,0,1,0,0,1,2026-02-12 18:27:47.792800
3576000.0,6,35,7150000,3531000,548279,784.0,12,6,7,0,3,838889.0,1,1,2026,1,6,0,10,1,0,0,0,0,0,1,0,0,0,2026-02-12 18:27:47.792800
7467600.0,36,42,2880000,407000,278682,834.0,5,1,4,0,1,2987574.0,1,0,2025,11,4,0,5,1,0,0,0,0,1,0,0,0,1,2026-02-12 18:27:47.792800
1823616.0,12,54,3800000,200000,145471,767.0,9,7,4,0,2,1794257.0,2,1,2025,5,1,0,6,1,0,0,0,0,0,0,1,0,1,2026-02-12 18:27:47.792800
2672400.0,12,42,6000000,2000000,209955,798.0,6,1,4,0,0,1204496.0,1,1,2025,2,5,0,4,1,0,0,0,0,0,0,0,1,1,2026-02-12 18:27:47.792800
8769546.0,36,50,5498000,2392000,327777,836.0,8,2,6,0,2,2633941.0,1,0,2025,12,3,0,8,1,0,0,0,0,0,1,0,0,1,2026-02-12 18:27:47.792800
600000.0,8,31,1700000,400000,68052,740.0,2,4,0,0,2,1405534.0,1,0,2024,11,3,0,2,1,0,0,0,0,0,1,0,0,0,2026-02-12 18:27:47.792800
1299564.0,6,25,1200000,300000,193196,753.0,2,4,0,0,0,1088543.0,0,0,2025,5,1,0,0,1,0,0,0,0,0,1,0,0,0,2026-02-12 18:27:47.792800
2280000.0,12,61,2000000,200000,158333,842.0,3,1,2,0,0,1204496.0,2,1,2025,1,5,0,2,1,0,0,0,0,0,0,0,1,1,2026-02-12 18:27:47.792800
2059200.0,12,43,4000000,1000000,161780,845.0,6,3,4,1,0,816667.0,1,1,2025,2,6,0,5,1,0,0,0,0,0,1,0,0,1,2026-02-12 18:27:47.792800
3734400.0,36,42,2100000,500000,122093,771.0,4,5,0,2,0,1728615.0,1,0,2025,2,6,0,2,1,0,0,0,0,0,1,0,0,0,2026-02-12 18:27:47.792800
3124800.0,6,56,5000000,4000000,462952,801.0,8,8,6,0,1,1204496.0,2,1,2024,12,4,0,7,1,0,0,0,0,0,0,0,1,1,2026-02-12 18:27:47.792800
3572040.0,12,42,4000000,1000000,280267,765.0,10,6,3,0,2,908526.0,1,1,2024,12,0,0,5,1,0,0,0,0,1,0,0,0,1,2026-02-12 18:27:47.792800
1782960.0,12,38,1900000,800000,123817,799.0,5,4,1,0,3,761736.0,1,0,2025,1,3,0,4,1,0,0,0,0,0,1,0,0,1,2026-02-12 18:27:47.792800
1696681.2,6,36,1100000,450000,235650,843.0,3,0,1,1,0,1204496.0,1,0,2025,1,2,0,2,1,0,0,0,0,0,0,0,1,1,2026-02-12 18:27:47.792800
3387600.0,12,32,5000000,450000,266145,810.0,3,6,2,0,1,2991250.0,1,0,2025,2,0,0,3,1,0,0,0,0,0,1,0,0,1,2026-02-12 18:27:47.792800
1348800.0,10,58,3800000,1250000,124673,813.0,6,1,3,1,0,1204496.0,2,1,2024,12,1,1,4,1,0,0,0,0,0,0,0,1,1,2026-02-12 18:27:47.792800
2394384.0,9,32,6000000,3000000,223615,780.0,6,4,2,0,2,1817052.0,1,0,2025,1,2,0,4,0,1,0,0,0,1,0,0,0,1,2026-02-12 18:27:47.792800
6623864.399999999,10,60,7760000,5331000,569795,782.0,13,10,7,0,4,969508.0,2,0,2025,9,6,0,11,0,1,0,0,0,0,1,0,0,1,2026-02-12 18:27:47.792800
7422720.0,12,41,10000000,5000000,583831,813.0,8,5,4,0,2,1204496.0,1,1,2025,3,1,0,6,1,0,0,0,0,0,0,0,1,1,2026-02-12 18:27:47.792800
4276800.0,6,42,7000000,2000000,634120,757.0,11,2,7,0,0,908546.0,1,1,2025,1,5,0,7,1,0,0,0,0,0,0,1,0,1,2026-02-12 18:27:47.792800
2867760.0,12,36,3200000,950000,225677,811.0,4,2,2,0,0,1204496.0,1,1,2025,4,2,0,2,1,0,0,0,0,0,0,0,1,1,2026-02-12 18:27:47.792800
996000.0,6,59,1350000,600000,147832,851.0,10,2,0,3,1,1204496.0,2,0,2024,12,5,0,4,1,0,0,0,0,0,0,0,1,1,2026-02-12 18:27:47.792800
1631880.0,6,41,2300000,650000,242599,714.0,2,0,1,0,0,1204496.0,1,0,2025,4,3,0,1,1,0,0,0,0,0,0,0,1,1,2026-02-12 18:27:47.792800
3072720.0,36,26,2600000,300000,105529,789.0,0,4,0,0,0,2049753.0,0,0,2025,7,5,0,0,1,0,0,0,0,0,1,0,0,0,2026-02-12 18:27:47.792800
1089874.8,10,46,4300000,3000000,92535,855.0,1,2,1,0,0,4433429.0,1,1,2025,3,2,0,1,0,1,0,0,0,0,1,0,0,1,2026-02-12 18:27:47.792800
4800000.0,36,28,2500000,200000,161948,735.0,8,6,6,0,0,1000000.0,0,1,2025,4,6,0,6,1,0,0,0,0,0,1,0,0,0,2026-02-12 18:27:47.792800
2146414.8,10,50,1800000,1200000,182527,773.0,8,3,2,0,6,1672953.0,1,0,2025,5,5,0,8,0,1,0,0,0,0,1,0,0,1,2026-02-12 18:27:47.792800
604800.0,10,62,2800000,1000000,56025,766.0,2,4,1,0,0,908526.0,2,1,2025,3,0,0,1,1,0,0,0,0,1,0,0,0,1,2026-02-12 18:27:47.792800
851880.0,10,38,2800000,1000000,78607,808.0,2,3,0,0,1,60569.0,1,0,2024,11,3,0,1,1,0,0,0,0,0,0,1,0,1,2026-02-12 18:27:47.792800
818400.0,6,64,2070000,160000,123610,762.0,3,4,1,0,0,1863829.0,2,0,2025,9,4,0,1,1,0,0,0,0,0,1,0,0,1,2026-02-12 18:27:47.792800
1607935.2,10,38,12000000,7000000,136521,753.0,3,1,0,0,1,6299188.0,1,0,2025,2,2,0,1,0,1,0,0,0,0,1,0,0,1,2026-02-12 18:27:47.792800
1440000.0,6,65,10000000,5000000,214943,755.0,7,6,2,2,1,1204496.0,2,1,2025,4,4,0,5,1,0,0,0,0,0,0,0,1,1,2026-02-12 18:27:47.792800
1477980.0,12,35,1500000,700000,115827,717.0,6,5,2,0,0,1204496.0,1,1,2025,1,2,0,2,1,0,0,0,0,0,0,0,1,0,2026-02-12 18:27:47.792800
1269000.0,5,44,5000000,2000000,205990,739.0,3,7,1,0,2,1241859.0,1,1,2025,5,4,0,3,0,1,0,0,0,0,0,1,0,0,2026-02-12 18:27:47.792800
2732160.0,12,40,4500000,2500000,219413,765.0,3,2,1,1,1,620826.0,1,1,2025,5,5,1,3,1,0,0,0,0,0,0,1,0,1,2026-02-12 18:27:47.792800
1236000.0,12,36,0,0,103000,912.0,5,2,1,0,2,1350222.0,1,0,2026,1,3,0,3,1,0,0,0,0,0,0,0,1,1,2026-02-12 18:27:47.792800
1084186.8,2,32,5000000,2000000,427173,847.0,4,0,1,0,3,1204496.0,1,1,2024,11,4,0,4,0,1,0,0,0,0,0,0,1,1,2026-02-12 18:27:47.792800
2092558.7999999998,6,30,4000000,2200000,311858,812.0,6,3,3,0,0,1071282.0,0,1,2025,5,1,0,3,1,0,0,0,0,0,1,0,0,1,2026-02-12 18:27:47.792800
769680.0,6,34,817776,174000,115851,755.0,3,3,0,2,1,817776.0,1,1,2025,8,3,0,3,1,0,0,0,0,0,0,1,0,1,2026-02-12 18:27:47.792800
6024000.0,6,49,8000000,3800000,902177,821.0,7,3,4,3,0,1204496.0,1,1,2025,7,3,0,7,1,0,0,0,0,0,0,0,1,1,2026-02-12 18:27:47.792800
1131600.0,6,65,4199000,400000,172636,860.0,5,2,2,1,1,1605201.0,2,0,2025,12,4,0,4,1,0,0,0,0,1,0,0,0,1,2026-02-12 18:27:47.792800
11250754.799999999,10,53,1890000,0,1002428,866.0,2,3,1,0,0,1204496.0,2,1,2026,1,5,0,1,0,1,0,0,0,0,0,0,1,0,2026-02-12 18:27:47.792800
1056000.0,10,22,1200000,300000,98472,704.0,2,5,0,0,1,516667.0,0,0,2025,4,1,0,1,1,0,0,0,0,0,1,0,0,0,2026-02-12 18:27:47.792800
1607880.0,12,41,4000000,2500000,127104,783.0,4,2,1,0,2,1204496.0,1,1,2025,5,3,0,3,1,0,0,0,0,0,0,0,1,1,2026-02-12 18:27:47.792800
2834040.0,20,30,3500000,800000,144037,836.0,8,5,6,0,1,1769458.0,0,1,2025,3,1,0,7,1,0,0,0,0,0,0,1,0,0,2026-02-12 18:27:47.792800
10440000.0,10,55,7000000,1500000,967439,790.0,17,2,3,0,8,1204496.0,2,0,2025,4,5,0,11,1,0,0,0,0,0,0,0,1,1,2026-02-12 18:27:47.792800
1963357.2,11,56,3300000,1400000,152754,786.0,3,4,0,2,0,921593.0,2,1,2025,2,5,0,2,0,1,0,0,0,0,1,0,0,1,2026-02-12 18:27:47.792800
2380070.4,11,51,6000000,4000000,185176,782.0,15,7,11,0,3,9216425.0,2,0,2025,2,3,0,14,0,1,0,0,0,0,1,0,0,1,2026-02-12 18:27:47.792800
878880.0,5,52,5000000,2000000,142664,779.0,9,6,4,0,3,1204496.0,2,1,2025,4,0,0,7,0,1,0,0,0,0,0,0,1,1,2026-02-12 18:27:47.792800
564000.0,6,66,1800000,400000,84186,790.0,13,5,1,0,9,1204496.0,2,1,2025,6,6,0,10,1,0,0,0,0,0,0,0,1,1,2026-02-12 18:27:47.792800
1296513.5999999999,6,39,1569750,817000,195824,738.0,8,5,2,2,0,1578761.0,1,0,2025,8,1,0,4,1,0,0,0,0,0,1,0,0,1,2026-02-12 18:27:47.792800
888000.0,6,24,1400000,700000,132102,745.0,4,7,2,0,1,1278025.0,0,0,2025,2,1,0,3,1,0,0,0,0,0,1,0,0,0,2026-02-12 18:27:47.792800
5883861.6,10,30,7500000,4500000,501139,804.0,9,3,8,0,0,1100000.0,0,1,2025,7,0,0,8,0,1,0,0,0,1,0,0,0,0,2026-02-12 18:27:47.792800
2146680.0,12,40,11000000,4500000,168443,832.0,5,7,3,0,0,972557.0,1,0,2024,12,1,0,3,1,0,0,0,0,0,1,0,0,1,2026-02-12 18:27:47.792800
1379881.2,12,68,2200000,500000,108589,885.0,5,0,0,0,1,1515415.0,2,0,2025,4,1,0,1,1,0,0,0,0,0,1,0,0,1,2026-02-12 18:27:47.792800
2484966.0,10,33,11000000,1000000,210763,795.0,10,4,3,1,3,1204496.0,1,1,2025,1,6,0,7,0,1,0,0,0,0,0,0,1,1,2026-02-12 18:27:47.792800
1440000.0,6,35,2560000,1666000,217494,761.0,7,3,0,4,1,969508.0,1,1,2025,8,6,0,5,1,0,0,0,0,0,1,0,0,1,2026-02-12 18:27:47.792800
1200000.0,6,40,3915000,2077000,177907,825.0,3,2,1,0,0,3772083.0,1,1,2025,7,2,0,1,1,0,0,0,0,0,1,0,0,1,2026-02-12 18:27:47.792800
1755480.0,18,46,3800000,800000,97407,784.0,9,7,9,0,0,1433333.0,1,0,2025,4,3,0,9,1,0,0,0,0,0,1,0,0,1,2026-02-12 18:27:47.792800
1240920.0,6,41,6000000,3000000,184058,866.0,2,2,2,0,0,6896000.0,1,0,2025,1,2,0,2,1,0,0,0,0,0,1,0,0,1,2026-02-12 18:27:47.792800
4057731.5999999996,12,44,5000000,1000000,320767,832.0,7,4,4,0,1,1204496.0,1,1,2025,5,1,0,5,1,0,0,0,0,0,0,0,1,1,2026-02-12 18:27:47.792800
4454400.0,36,64,2100000,600000,143712,801.0,9,6,6,2,1,908526.0,2,0,2024,12,5,0,9,1,0,0,0,0,1,0,0,0,0,2026-02-12 18:27:47.792800
3414480.0,6,49,8000000,3000000,505922,846.0,2,2,0,1,1,1204496.0,1,1,2024,12,1,1,2,1,0,0,0,0,0,0,0,1,1,2026-02-12 18:27:47.792800
2182560.0,6,48,8000000,5000000,303133,860.0,5,3,3,0,0,9046500.0,1,0,2025,1,6,0,3,1,0,0,0,0,0,1,0,0,1,2026-02-12 18:27:47.792800
3012720.0,10,67,3000000,900000,278036,875.0,3,1,2,0,1,1204496.0,2,1,2025,7,4,0,3,1,0,0,0,0,0,0,0,1,1,2026-02-12 18:27:47.792800
2400000.0,6,33,5660000,680000,360696,810.0,3,2,3,0,0,4377883.0,1,0,2025,9,2,0,3,1,0,0,0,0,0,1,0,0,1,2026-02-12 18:27:47.792800
3835051.1999999997,6,54,10000000,2000000,568238,797.0,3,6,1,0,1,908526.0,2,1,2024,12,4,0,2,1,0,0,0,0,1,0,0,0,0,2026-02-12 18:27:47.792800
2236286.4,6,51,3700000,800000,336185,795.0,10,5,8,0,1,1204496.0,2,0,2025,6,1,0,9,1,0,0,0,0,0,0,0,1,1,2026-02-12 18:27:47.792800
1512994.8,10,33,2000000,1000000,128662,839.0,3,3,2,0,0,998667.0,1,0,2025,4,6,0,2,0,1,0,0,0,1,0,0,0,1,2026-02-12 18:27:47.792800
3960000.0,6,42,2000000,700000,589135,781.0,9,2,5,1,2,1009583.0,1,0,2025,2,0,0,8,1,0,0,0,0,0,1,0,0,1,2026-02-12 18:27:47.792800
3686596.8,6,39,2500000,0,547905,797.0,6,10,2,0,2,1204496.0,1,1,2025,4,5,0,4,1,0,0,0,0,0,0,0,1,0,2026-02-12 18:27:47.792800
576000.0,6,25,1900000,274000,87587,795.0,4,5,1,0,1,1641600.0,0,0,2025,10,5,0,2,1,0,0,0,0,0,1,0,0,0,2026-02-12 18:27:47.792800
1772553.5999999999,9,48,1500000,700000,165700,807.0,8,1,6,0,1,30285.0,1,0,2025,2,6,0,7,0,1,0,0,0,0,1,0,0,1,2026-02-12 18:27:47.792800
2948400.0,6,33,1453000,179000,453578,715.0,8,2,1,0,2,1523980.0,1,0,2026,1,5,0,3,1,0,0,0,0,0,0,1,0,0,2026-02-12 18:27:47.792800
1070580.0,6,51,8000000,1000000,159155,841.0,18,5,9,0,8,1320833.0,2,1,2025,5,0,0,17,1,0,0,0,0,0,1,0,0,1,2026-02-12 18:27:47.792800
3010562.4,24,51,3700000,2000000,132316,772.0,7,15,3,0,1,1700000.0,2,0,2025,4,2,0,4,1,0,0,0,0,0,1,0,0,1,2026-02-12 18:27:47.792800
8640000.0,36,40,5500000,700000,281570,848.0,7,4,5,0,1,3383613.0,1,0,2025,4,3,0,6,1,0,0,0,0,0,1,0,0,1,2026-02-12 18:27:47.792800
1553880.0,12,47,2500000,1400000,121928,754.0,11,3,3,0,1,794960.0,1,1,2024,12,6,0,4,1,0,0,0,0,0,0,1,0,1,2026-02-12 18:27:47.792800
954000.0,12,35,3000000,340000,75074,722.0,6,8,2,0,3,30285.0,1,1,2025,1,1,0,5,1,0,0,0,0,1,0,0,0,0,2026-02-12 18:27:47.792800
647400.0,6,29,2990000,3144000,97455,737.0,15,4,3,1,11,2660048.0,0,0,2025,8,0,0,15,0,0,1,0,0,0,1,0,0,0,2026-02-12 18:27:47.792800
1416000.0,12,55,1800000,300000,111155,765.0,4,7,0,1,3,908526.0,2,1,2024,12,0,0,4,1,0,0,0,0,0,0,1,0,1,2026-02-12 18:27:47.792800
4224000.0,6,41,0,0,627775,810.0,7,7,5,1,1,925157.0,1,1,2025,3,3,0,7,1,0,0,0,0,0,1,0,0,0,2026-02-12 18:27:47.792800
899880.0,6,62,1500000,200000,124983,802.0,4,0,1,0,2,909000.0,2,1,2025,1,5,0,3,1,0,0,0,0,1,0,0,0,1,2026-02-12 18:27:47.792800
1178280.0,18,31,1150000,320000,65099,708.0,7,7,4,0,2,1232000.0,1,0,2024,12,4,0,6,1,0,0,0,0,0,0,1,0,0,2026-02-12 18:27:47.792800
1105920.0,6,24,2000000,600000,163975,720.0,6,7,2,0,1,1188353.0,0,1,2025,1,5,0,3,1,0,0,0,0,0,1,0,0,0,2026-02-12 18:27:47.792800
1536949.2,9,48,3000000,700000,143744,864.0,4,7,2,0,1,1204496.0,1,1,2025,3,2,0,3,0,1,0,0,0,0,0,0,1,1,2026-02-12 18:27:47.792800
1679880.0,6,61,3000000,600000,249394,760.0,9,5,4,1,4,967608.0,2,0,2024,12,6,0,9,1,0,0,0,0,1,0,0,0,1,2026-02-12 18:27:47.792800
2893680.0,18,35,2000000,500000,160158,788.0,1,0,1,0,0,1204496.0,1,1,2025,4,2,0,1,1,0,0,0,0,0,0,0,1,1,2026-02-12 18:27:47.792800
947881.2,12,32,2838375,1469000,75601,755.0,10,5,4,2,4,3176146.0,1,0,2025,7,6,0,10,1,0,0,0,0,0,1,0,0,1,2026-02-12 18:27:47.792800
4827600.0,6,47,6000000,2500000,716049,794.0,9,6,7,0,0,916841.0,1,0,2025,1,3,0,7,1,0,0,0,0,0,1,0,0,1,2026-02-12 18:27:47.792800
2553742.8,11,46,3000000,2000000,201192,816.0,6,5,5,0,1,3846626.0,1,0,2025,3,2,0,6,0,1,0,0,0,0,1,0,0,1,2026-02-12 18:27:47.792800
14400000.0,10,47,10000000,5000000,1331030,809.0,4,3,2,0,1,1204496.0,1,1,2024,12,2,0,3,1,0,0,0,0,0,0,0,1,1,2026-02-12 18:27:47.792800
1033293.6,12,42,1800000,380000,81683,730.0,4,7,0,0,4,908526.0,1,1,2025,3,5,0,4,1,0,0,0,0,0,1,0,0,0,2026-02-12 18:27:47.792800
8400000.0,6,64,3452000,0,1264356,813.0,6,3,3,1,1,1526866.0,2,0,2025,8,4,0,5,0,0,1,0,0,0,1,0,0,1,2026-02-12 18:27:47.792800
3465360.0,6,26,5000000,1880000,514700,767.0,20,10,9,0,3,1259916.0,0,0,2025,3,1,0,12,1,0,0,0,0,0,0,1,0,0,2026-02-12 18:27:47.792800
616455.6,12,45,3500000,1500000,42809,753.0,3,5,2,0,0,931394.0,1,0,2025,3,0,0,2,0,1,0,0,0,0,1,0,0,1,2026-02-12 18:27:47.792800
1886259.5999999999,10,58,5000000,2000000,160236,852.0,13,6,10,0,1,2113531.0,2,0,2025,4,2,0,11,0,1,0,0,0,0,1,0,0,1,2026-02-12 18:27:47.792800
1668000.0,6,36,1000000,0,251931,796.0,1,4,0,0,0,988889.0,1,1,2025,8,4,0,0,1,0,0,0,0,0,1,0,0,1,2026-02-12 18:27:47.792800
1633020.0,6,51,5000000,2000000,242783,865.0,7,3,5,0,1,939017.0,2,1,2025,5,4,0,6,1,0,0,0,0,0,1,0,0,1,2026-02-12 18:27:47.792800
2036281.2,12,51,3500000,1000000,141408,859.0,11,2,7,1,0,2580717.0,2,0,2025,1,1,0,8,1,0,0,0,0,0,1,0,0,1,2026-02-12 18:27:47.792800
2277704.4,10,24,3000000,1400000,193996,699.0,7,14,2,4,0,2059569.0,0,0,2025,7,3,0,6,0,1,0,0,0,0,1,0,0,0,2026-02-12 18:27:47.792800
7280400.0,36,61,2500000,250000,235738,840.0,8,3,6,0,0,1665463.0,2,0,2024,12,6,0,6,1,0,0,0,0,0,0,1,0,0,2026-02-12 18:27:47.792800
3900000.0,10,60,3975000,2500000,360487,827.0,3,1,1,1,0,1204496.0,2,0,2025,1,3,0,2,1,0,0,0,0,0,0,0,1,1,2026-02-12 18:27:47.792800
983880.0,10,24,1300000,600000,90948,775.0,6,12,4,0,0,1204496.0,0,0,2024,12,3,0,4,1,0,0,0,0,0,0,0,1,0,2026-02-12 18:28:21.130068
931200.0,12,35,1500000,400000,73098,793.0,7,6,5,0,0,1204496.0,1,0,2024,11,3,0,5,1,0,0,0,0,0,0,0,1,1,2026-02-12 18:28:21.130068
3837300.0,18,40,5500000,2000000,211426,698.0,11,7,5,1,2,3121600.0,1,1,2025,1,4,0,8,1,0,0,0,0,0,1,0,0,0,2026-02-12 18:28:21.130068
1361053.2,8,62,6000000,3500000,154372,777.0,3,4,0,2,1,1204496.0,2,1,2024,12,5,0,3,1,0,0,0,0,0,0,0,1,1,2026-02-12 18:28:21.130068
3106262.4,11,54,11217000,3028000,253549,894.0,5,2,4,0,1,6493333.0,2,0,2026,1,3,0,5,0,1,0,0,0,0,1,0,0,1,2026-02-12 18:28:21.130068
1185660.0,2,57,4000000,2000000,467360,832.0,9,3,5,0,2,1500000.0,2,1,2025,1,0,0,7,0,1,0,0,0,1,0,0,0,1,2026-02-12 18:28:21.130068
3629280.0,12,43,1400000,200000,285459,777.0,9,14,6,0,1,1102479.0,1,0,2025,3,2,0,7,1,0,0,0,0,0,1,0,0,1,2026-02-12 18:28:21.130068
1763880.0,12,29,3422000,758000,147682,701.0,8,5,1,0,3,1414196.0,0,0,2026,1,1,0,4,1,0,0,0,0,1,0,0,0,0,2026-02-12 18:28:21.130068
1055168.4,10,21,1500000,800000,89494,709.0,7,2,2,0,4,1204496.0,0,0,2025,1,4,0,6,0,1,0,0,0,0,0,0,1,0,2026-02-12 18:28:21.130068
532969.2,6,31,1300000,500000,79232,802.0,1,1,0,0,1,861723.0,1,0,2025,1,4,0,1,1,0,0,0,0,0,1,0,0,1,2026-02-12 18:28:21.130068
1329600.0,6,45,3200000,0,197617,721.0,6,2,2,0,0,1204496.0,1,1,2025,3,3,0,2,1,0,0,0,0,0,0,0,1,1,2026-02-12 18:28:21.130068
2036281.2,12,51,3500000,1000000,141408,859.0,11,2,7,1,0,2580717.0,2,0,2025,1,1,0,8,1,0,0,0,0,0,1,0,0,1,2026-02-12 18:28:21.130068
2732160.0,12,40,4500000,2500000,219413,765.0,3,2,1,1,1,620826.0,1,1,2025,5,5,1,3,1,0,0,0,0,0,0,1,0,1,2026-02-12 18:28:21.130068
806280.0,6,52,8000000,2000000,111983,751.0,10,6,4,0,0,1204496.0,2,0,2024,12,5,0,4,1,0,0,0,0,0,0,0,1,1,2026-02-12 18:28:21.130068
1584000.0,10,25,1200000,291000,147721,753.0,2,4,0,1,1,1198948.0,0,0,2025,4,5,0,2,1,0,0,0,0,0,1,0,0,0,2026-02-12 18:28:21.130068
869067.6,5,48,3800000,2600000,153427,865.0,6,3,4,0,1,3548916.0,1,1,2025,5,4,0,5,0,1,0,0,0,0,1,0,0,1,2026-02-12 18:28:21.130068
2950263.6,11,30,6250000,1037000,258844,861.0,3,3,3,0,0,7997221.0,0,0,2025,9,0,0,3,0,1,0,0,0,0,0,1,0,1,2026-02-12 18:28:21.130068
2811600.0,36,43,6500000,4500000,91602,755.0,8,2,7,0,1,5541036.0,1,0,2025,1,0,0,8,1,0,0,0,0,0,1,0,0,1,2026-02-12 18:28:21.130068
5246858.399999999,10,41,3000000,2000000,451032,698.0,8,10,4,0,3,933473.0,1,1,2025,5,3,0,7,0,1,0,0,0,0,1,0,0,0,2026-02-12 18:28:21.130068
2678854.8,30,33,5434392,2000000,98310,821.0,5,3,1,0,2,4481653.0,1,0,2025,1,3,0,3,1,0,0,0,0,0,0,1,0,1,2026-02-12 18:28:21.130068
512016.0,6,26,3800000,400000,75994,796.0,7,7,3,1,0,1204496.0,0,1,2024,12,4,0,4,1,0,0,0,0,0,0,0,1,0,2026-02-12 18:28:21.130068
1744680.0,24,36,3400000,800000,76782,834.0,7,0,3,0,1,1204496.0,1,0,2025,6,6,0,4,1,0,0,0,0,0,0,0,1,1,2026-02-12 18:28:21.130068
1397150.4,12,46,1200000,500000,109948,831.0,3,1,2,0,1,1204496.0,1,1,2025,4,5,0,3,1,0,0,0,0,0,0,0,1,1,2026-02-12 18:28:21.130068
1187760.0,6,39,5000000,2000000,164967,752.0,10,5,4,0,6,3418627.0,1,0,2025,1,1,0,10,1,0,0,0,0,0,0,0,1,1,2026-02-12 18:28:21.130068
737280.0,6,54,1500000,700000,109606,760.0,3,3,0,0,3,1533452.0,2,0,2025,4,5,0,3,1,0,0,0,0,0,0,1,0,1,2026-02-12 18:28:21.130068
888000.0,6,24,1400000,700000,132102,745.0,4,7,2,0,1,1278025.0,0,0,2025,2,1,0,3,1,0,0,0,0,0,1,0,0,0,2026-02-12 18:28:21.130068
1464000.0,12,29,3000000,100000,115363,754.0,3,4,0,0,1,916841.0,0,0,2025,2,4,0,1,1,0,0,0,0,0,1,0,0,0,2026-02-12 18:28:21.130068
1952280.0,12,27,2500000,520000,135575,736.0,7,4,6,0,1,1848000.0,0,1,2025,1,2,0,7,1,0,0,0,0,0,1,0,0,0,2026-02-12 18:28:21.130068
2672400.0,12,42,6000000,2000000,209955,798.0,6,1,4,0,0,1204496.0,1,1,2025,2,5,0,4,1,0,0,0,0,0,0,0,1,1,2026-02-12 18:28:21.130068
895752.0,6,67,1500000,250000,133044,895.0,7,2,5,0,0,1134999.0,2,0,2025,4,4,0,5,1,0,0,0,0,0,1,0,0,1,2026-02-12 18:28:21.130068
1451772.0,6,30,1700000,200000,215628,796.0,0,3,0,0,0,915648.0,0,0,2025,4,3,0,0,1,0,0,0,0,0,1,0,0,0,2026-02-12 18:28:21.130068
1561700.4,10,54,1017500,319000,134340,818.0,7,4,5,0,0,1170104.0,2,1,2025,8,4,0,5,0,1,0,0,0,0,1,0,0,1,2026-02-12 18:28:21.130068
8640000.0,36,44,2470000,187000,328804,791.0,1,5,1,0,0,951851.0,1,0,2025,12,3,0,1,1,0,0,0,0,0,1,0,0,0,2026-02-12 18:28:21.130068
4068000.0,12,36,2000000,600000,319600,795.0,8,5,3,0,1,1204496.0,1,1,2025,2,0,0,4,1,0,0,0,0,0,0,0,1,0,2026-02-12 18:28:21.130068
1079986.8,8,43,5000000,2000000,112785,820.0,7,5,3,0,1,839301.0,1,1,2025,5,2,0,4,0,1,0,0,0,0,0,1,0,1,2026-02-12 18:28:21.130068
1532160.0,24,45,5190000,2457000,73930,794.0,15,8,3,0,3,3392993.0,1,0,2025,11,4,0,6,1,0,0,0,0,0,1,0,0,1,2026-02-12 18:28:21.130068
1296000.0,12,43,1100000,150000,101735,791.0,6,5,2,0,2,947815.0,1,0,2024,12,6,0,4,1,0,0,0,0,0,1,0,0,1,2026-02-12 18:28:21.130068
675600.0,8,22,2000000,50000,77510,732.0,3,4,0,1,1,126184.0,0,0,2025,5,4,0,2,1,0,0,0,0,0,1,0,0,0,2026-02-12 18:28:21.130068
2157960.0,10,58,7600000,3000000,183316,740.0,16,2,12,0,1,1204496.0,2,0,2025,3,3,0,13,0,1,0,0,0,0,0,0,1,1,2026-02-12 18:28:21.130068
504720.0,6,42,1985000,200000,74965,799.0,5,2,2,0,3,2283086.0,1,0,2025,3,2,0,5,1,0,0,0,0,0,0,1,0,1,2026-02-12 18:28:21.130068
1082556.0,9,35,1000000,700000,101683,775.0,9,4,4,0,2,7106275.0,1,0,2025,7,0,0,6,0,1,0,0,0,0,1,0,0,1,2026-02-12 18:28:21.130068
1320000.0,6,36,5100000,650000,196722,787.0,8,2,5,0,2,5014276.0,1,0,2025,5,5,0,7,1,0,0,0,0,0,0,1,0,1,2026-02-12 18:28:21.130068
4080000.0,6,51,4500000,2000000,605964,761.0,7,4,3,0,0,908526.0,2,1,2025,2,5,0,3,1,0,0,0,0,1,0,0,0,0,2026-02-12 18:28:21.130068
2523480.0,12,34,3500000,1500000,198256,804.0,9,4,5,0,0,1204496.0,1,1,2025,2,4,0,5,1,0,0,0,0,0,0,0,1,1,2026-02-12 18:28:21.130068
876000.0,12,53,1100000,124000,68765,752.0,10,4,1,1,8,1204496.0,2,0,2024,12,5,0,10,1,0,0,0,0,0,0,0,1,1,2026-02-12 18:28:21.130068
1036800.0,6,38,3000000,1200000,153888,816.0,3,3,1,0,1,1651743.0,1,0,2025,2,0,0,2,1,0,0,0,0,0,1,0,0,1,2026-02-12 18:28:21.130068
2249640.0,12,51,2100000,200000,176961,872.0,5,3,2,0,1,925157.0,2,0,2025,3,0,0,3,1,0,0,0,0,0,1,0,0,1,2026-02-12 18:28:21.130068
2059200.0,12,43,4000000,1000000,161780,845.0,6,3,4,1,0,816667.0,1,1,2025,2,6,0,5,1,0,0,0,0,0,1,0,0,1,2026-02-12 18:28:21.130068
2615580.0,12,62,2500000,800000,205236,805.0,9,3,4,1,1,1204496.0,2,1,2024,12,0,0,6,1,0,0,0,0,0,0,0,1,1,2026-02-12 18:28:21.130068
548088.0,24,59,3800000,1500000,24012,776.0,7,5,3,0,2,1204496.0,2,0,2025,4,3,0,5,1,0,0,0,0,0,0,0,1,1,2026-02-12 18:28:21.130068
1751400.0,12,45,2000000,600000,137996,836.0,2,1,0,1,0,1964800.0,1,0,2025,2,2,0,1,1,0,0,0,0,0,0,1,0,1,2026-02-12 18:28:21.130068
1450525.2,10,51,3555555,1558884,123027,785.0,3,0,0,0,3,1204496.0,2,1,2025,1,2,0,3,0,1,0,0,0,0,0,0,1,1,2026-02-12 18:28:21.130068
1677237.5999999999,12,41,2000000,300000,132587,819.0,3,6,1,0,0,33334.0,1,0,2025,3,1,0,1,1,0,0,0,0,1,0,0,0,1,2026-02-12 18:28:21.130068
2815064.4,9,35,3500000,2000000,268618,809.0,4,2,2,0,0,827768.0,1,1,2025,2,5,0,2,0,1,0,0,0,1,0,0,0,1,2026-02-12 18:28:21.130068
3000000.0,36,43,3500000,340000,99664,729.0,8,4,4,0,4,1043515.0,1,1,2025,5,5,0,8,1,0,0,0,0,0,0,1,0,0,2026-02-12 18:28:21.130068
1211880.0,12,22,1890000,496000,100142,672.0,6,15,1,0,4,979319.0,0,1,2025,12,1,0,5,1,0,0,0,0,0,1,0,0,0,2026-02-12 18:28:21.130068
2099956.8,9,51,3300000,600000,196306,827.0,4,5,0,1,3,3266666.0,2,0,2025,2,3,0,4,0,1,0,0,0,1,0,0,0,1,2026-02-12 18:28:21.130068
2027918.4,9,30,5000000,1000000,189571,799.0,5,3,4,0,0,4250000.0,0,0,2025,3,6,0,4,0,1,0,0,0,0,1,0,0,1,2026-02-12 18:28:21.130068
1548319.2,9,68,1600000,1200000,145154,851.0,5,3,3,0,0,1204496.0,2,0,2025,7,3,0,3,0,1,0,0,0,0,0,0,1,1,2026-02-12 18:28:21.130068
600000.0,6,52,2171000,612000,90311,738.0,5,3,1,2,2,1204496.0,2,0,2025,8,5,0,5,0,0,1,0,0,0,0,0,1,1,2026-02-12 18:28:21.130068
554432.4,12,48,1200000,300000,43613,738.0,8,2,2,0,3,1204496.0,1,1,2025,3,4,0,5,1,0,0,0,0,0,0,0,1,1,2026-02-12 18:28:21.130068
1769335.2,10,61,2000000,1000000,150619,758.0,18,2,14,0,2,1936348.0,2,0,2025,6,5,0,16,0,1,0,0,0,0,1,0,0,1,2026-02-12 18:28:21.130068
2520000.0,6,38,3500000,1200000,374884,735.0,8,3,4,0,1,1927131.0,1,0,2025,1,6,0,5,1,0,0,0,0,0,1,0,0,0,2026-02-12 18:28:21.130068
541789.2,6,67,1910000,246000,81637,784.0,6,2,2,0,1,1204496.0,2,1,2025,7,5,0,3,1,0,0,0,0,0,0,0,1,1,2026-02-12 18:28:21.130068
3317760.0,6,63,2600000,500000,494421,888.0,5,0,2,0,0,949069.0,2,0,2025,5,6,0,2,1,0,0,0,0,0,0,1,0,1,2026-02-12 18:28:21.130068
1157514.0,6,29,1300000,500000,172079,782.0,3,3,0,0,2,1064582.0,0,0,2025,1,3,0,2,1,0,0,0,0,0,1,0,0,1,2026-02-12 18:28:21.130068
2278539.6,9,40,6000000,4000000,212796,829.0,14,4,4,0,5,469405.0,1,0,2025,2,6,0,9,0,1,0,0,0,0,0,1,0,1,2026-02-12 18:28:21.130068
1633020.0,6,51,5000000,2000000,242783,865.0,7,3,5,0,1,939017.0,2,1,2025,5,4,0,6,1,0,0,0,0,0,1,0,0,1,2026-02-12 18:28:21.130068
2400000.0,18,50,2290000,344000,138740,791.0,5,6,2,0,1,1204496.0,1,0,2025,10,4,0,3,0,0,1,0,0,0,0,0,1,1,2026-02-12 18:28:21.130068
734400.0,6,62,2600000,450000,110397,794.0,9,2,5,0,1,977131.0,2,1,2025,6,6,0,6,1,0,0,0,0,0,1,0,0,1,2026-02-12 18:28:21.130068
3116400.0,12,44,2700000,300000,244216,804.0,7,3,1,3,1,2425000.0,1,0,2025,1,3,0,5,1,0,0,0,0,0,1,0,0,1,2026-02-12 18:28:21.130068
2351880.0,12,41,2000000,800000,163325,711.0,5,8,2,0,1,1500000.0,1,0,2025,1,2,0,3,1,0,0,0,0,1,0,0,0,0,2026-02-12 18:28:21.130068
3232504.8,10,31,2690000,1960000,283601,779.0,7,7,4,0,2,4110342.0,1,0,2025,11,4,0,6,0,1,0,0,0,0,1,0,0,1,2026-02-12 18:28:21.130068
971280.0,12,40,5000000,700000,76213,776.0,14,8,8,0,5,4595957.0,1,0,2024,12,0,0,13,1,0,0,0,0,0,1,0,0,1,2026-02-12 18:28:21.130068
971520.0,6,38,2045000,100000,144047,733.0,5,8,0,1,4,1674730.0,1,0,2025,1,0,0,5,1,0,0,0,0,0,1,0,0,0,2026-02-12 18:28:21.130068
1269000.0,3,37,3500000,2000000,336701,827.0,7,4,3,0,1,1204496.0,1,0,2025,2,4,0,4,0,1,0,0,0,0,0,0,1,1,2026-02-12 18:28:21.130068
838800.0,6,23,1500000,500000,124698,780.0,3,2,0,1,0,1000000.0,0,0,2025,5,2,0,1,1,0,0,0,0,0,1,0,0,1,2026-02-12 18:28:21.130068
3116400.0,12,31,3400000,1100000,244517,753.0,7,12,3,0,4,2676732.0,1,0,2025,2,1,0,7,1,0,0,0,0,0,1,0,0,1,2026-02-12 18:28:21.130068
5205878.399999999,9,32,6000000,4000000,487348,881.0,6,1,4,0,1,3069513.0,1,1,2025,4,2,0,5,0,1,0,0,0,0,0,1,0,1,2026-02-12 18:28:21.130068
455640.0,8,30,1200000,780000,51679,751.0,13,7,6,0,6,738177.0,0,1,2024,12,6,0,12,1,0,0,0,0,0,0,1,0,0,2026-02-12 18:28:21.130068
2917122.0,9,45,0,0,272434,882.0,11,4,9,0,1,7065477.0,1,0,2025,1,6,0,10,0,1,0,0,0,0,1,0,0,1,2026-02-12 18:28:21.130068
1550580.0,6,57,1500000,300000,230617,794.0,5,2,0,1,2,908526.0,2,1,2025,5,1,0,3,1,0,0,0,0,1,0,0,0,1,2026-02-12 18:28:21.130068
3107748.0,12,31,6600000,1000000,215816,751.0,7,5,3,0,1,917673.0,1,0,2025,1,4,0,4,1,0,0,0,0,0,1,0,0,0,2026-02-12 18:28:21.130068
3753600.0,6,40,10000000,3000000,559406,763.0,19,11,4,0,13,968096.0,1,1,2025,5,5,0,17,1,0,0,0,0,0,1,0,0,0,2026-02-12 18:28:21.130068
1368000.0,12,66,1000000,100000,107787,757.0,1,2,0,0,1,1204496.0,2,1,2025,2,5,0,1,1,0,0,0,0,0,0,0,1,1,2026-02-12 18:28:21.130068
2110705.1999999997,10,46,5500000,2200000,179678,792.0,3,3,2,0,0,946640.0,1,1,2025,6,3,0,2,0,1,0,0,0,0,1,0,0,1,2026-02-12 18:28:21.130068
3143880.0,24,44,3120000,460000,151091,721.0,8,5,2,0,2,1336094.0,1,0,2025,12,5,0,4,1,0,0,0,0,0,1,0,0,0,2026-02-12 18:28:21.130068
3059880.0,8,48,5000000,3000000,347760,882.0,5,4,4,0,0,8142500.0,1,0,2025,3,4,0,4,1,0,0,0,0,0,0,1,0,1,2026-02-12 18:28:21.130068
821208.0,5,35,5000000,2000000,133302,698.0,6,3,2,0,2,992550.0,1,0,2025,4,6,0,4,0,1,0,0,0,0,0,1,0,0,2026-02-12 18:28:21.130068
3229918.8,11,37,1000000,0,255184,770.0,1,0,0,0,1,1204496.0,1,0,2025,8,5,0,1,0,1,0,0,0,0,0,0,1,1,2026-02-12 18:28:21.130068
1488000.0,12,36,3000000,1800000,117614,790.0,9,5,4,0,3,931394.0,1,1,2025,3,1,0,7,1,0,0,0,0,0,1,0,0,1,2026-02-12 18:28:21.130068
4977600.0,36,38,1200000,350000,172834,688.0,10,7,2,0,8,1118785.0,1,0,2025,7,5,0,10,1,0,0,0,0,0,1,0,0,0,2026-02-12 18:28:21.130068
1870680.0,12,29,5000000,2100000,147212,747.0,9,3,5,0,0,1812789.0,0,1,2025,4,4,0,5,1,0,0,0,0,0,0,1,0,0,2026-02-12 18:28:21.130068
1963200.0,6,50,2362000,585000,294016,912.0,2,3,1,0,1,1204496.0,1,1,2025,8,0,0,2,1,0,0,0,0,0,0,0,1,1,2026-02-12 18:28:21.130068
1139880.0,12,44,1200000,0,89702,817.0,3,0,0,0,1,1204496.0,1,0,2025,4,4,0,1,1,0,0,0,0,0,0,0,1,1,2026-02-12 18:28:21.130068
1287982.8,12,48,1600000,300000,103423,709.0,4,12,1,0,3,1204496.0,1,1,2025,5,4,0,4,1,0,0,0,0,0,0,0,1,0,2026-02-12 18:28:21.130068
1200000.0,12,39,4000000,500000,94160,760.0,3,3,2,0,0,2919804.0,1,0,2025,1,1,0,2,1,0,0,0,0,0,1,0,0,1,2026-02-12 18:28:21.130068
4224000.0,6,41,0,0,627775,810.0,7,7,5,1,1,925157.0,1,1,2025,3,3,0,7,1,0,0,0,0,0,1,0,0,0,2026-02-12 18:28:21.130068
2067240.0,6,67,3000000,1300000,287117,787.0,9,2,2,0,0,916148.0,2,0,2025,1,3,0,2,1,0,0,0,0,0,1,0,0,1,2026-02-12 18:28:21.130068
1907520.0,12,42,4000000,1000000,132467,792.0,1,4,0,0,0,1204496.0,1,1,2024,12,0,0,0,1,0,0,0,0,0,0,0,1,1,2026-02-12 18:28:21.130068
916800.0,6,60,2000000,850000,136263,770.0,5,5,1,0,3,30285.0,2,1,2025,3,3,0,4,1,0,0,0,0,1,0,0,0,1,2026-02-12 18:28:21.130068
400320.0,6,24,1500000,150000,60177,741.0,2,4,1,0,1,1224995.0,0,0,2025,5,1,0,2,1,0,0,0,0,0,1,0,0,0,2026-02-12 18:28:21.130068
1707216.0,6,44,5000000,2500000,254430,773.0,3,7,2,0,1,1182350.0,1,1,2025,5,1,0,3,1,0,0,0,0,0,0,1,0,1,2026-02-12 18:28:21.130068
7824000.0,6,52,12000000,5000000,1171752,814.0,6,6,3,0,1,961885.0,2,1,2025,7,5,0,4,1,0,0,0,0,0,1,0,0,1,2026-02-12 18:28:21.130068
740545.2,7,56,3000000,1500000,88344,862.0,10,3,5,0,2,2086363.0,2,0,2025,4,4,0,7,0,1,0,0,0,0,1,0,0,1,2026-02-12 18:28:21.130068
4253160.0,12,58,3800000,750000,295358,819.0,9,1,6,0,0,1241604.0,2,0,2025,1,1,0,6,1,0,0,0,0,0,0,1,0,1,2026-02-12 18:28:21.130068
4384165.2,3,42,6000000,3000000,1162786,846.0,5,2,4,1,0,1204496.0,1,1,2025,2,3,0,5,0,1,0,0,0,0,0,0,1,1,2026-02-12 18:28:21.130068
4676100.0,12,54,5000000,2500000,366918,823.0,3,3,2,0,0,3782545.0,2,0,2025,2,0,0,2,1,0,0,0,0,0,1,0,0,1,2026-02-12 18:28:21.130068
3600000.0,6,43,1800000,2040000,542453,836.0,8,3,6,0,1,1720000.0,1,0,2025,7,1,0,7,1,0,0,0,0,0,1,0,0,1,2026-02-12 18:28:21.130068
928321.2,6,31,6000000,2000000,137642,704.0,9,11,6,0,0,958420.0,1,1,2025,7,5,0,6,1,0,0,0,0,0,1,0,0,0,2026-02-12 18:28:21.130068
602280.0,6,46,1130000,400000,89516,745.0,3,6,1,0,0,931394.0,1,0,2025,2,1,0,1,1,0,0,0,0,0,1,0,0,0,2026-02-12 18:28:21.130068
1656360.0,6,64,2980000,461000,248063,800.0,3,4,1,0,0,966736.0,2,0,2025,8,0,0,1,1,0,0,0,0,0,1,0,0,1,2026-02-12 18:28:21.130068
3734400.0,36,42,2100000,500000,122093,771.0,4,5,0,2,0,1728615.0,1,0,2025,2,6,0,2,1,0,0,0,0,0,1,0,0,0,2026-02-12 18:28:21.130068
1552680.0,12,23,2200000,500000,107825,762.0,4,3,2,0,1,908526.0,0,1,2025,1,6,0,3,1,0,0,0,0,1,0,0,0,0,2026-02-12 18:28:21.130068
564000.0,6,50,1100000,500000,78333,793.0,2,6,0,2,0,1041885.0,1,0,2025,1,2,0,2,1,0,0,0,0,0,1,0,0,1,2026-02-12 18:28:21.130068
1334550.0,10,51,1500000,900000,113488,825.0,6,7,3,0,1,1535697.0,2,0,2025,4,3,0,4,0,1,0,0,0,0,1,0,0,1,2026-02-12 18:28:21.130068
878880.0,5,52,5000000,2000000,142664,779.0,9,6,4,0,3,1204496.0,2,1,2025,4,0,0,7,0,1,0,0,0,0,0,0,1,1,2026-02-12 18:28:21.130068
1941420.0,18,39,1700000,740000,106684,760.0,1,5,1,0,0,1204496.0,1,0,2024,12,6,0,1,1,0,0,0,0,0,0,0,1,0,2026-02-12 18:28:21.130068
1680000.0,6,25,1117000,360000,249753,732.0,1,5,0,0,0,1265977.0,0,0,2024,12,6,0,0,1,0,0,0,0,0,1,0,0,0,2026-02-12 18:28:21.130068
1349520.0,12,55,2600000,900000,107635,762.0,6,6,4,0,0,927842.0,2,0,2025,5,5,0,4,1,0,0,0,0,0,1,0,0,1,2026-02-12 18:28:21.130068
1740000.0,8,50,4500000,2500000,197754,801.0,8,9,4,0,3,916148.0,1,0,2025,1,0,0,7,1,0,0,0,0,0,1,0,0,1,2026-02-12 18:28:21.130068
2068459.2,10,40,3400000,1200000,176174,774.0,5,13,3,1,0,1204496.0,1,0,2025,7,6,0,4,0,1,0,0,0,0,0,0,1,1,2026-02-12 18:28:21.130068
929032.7999999999,3,28,3630000,1731000,249533,754.0,6,5,2,0,2,1809629.0,0,0,2025,11,5,0,4,0,1,0,0,0,0,0,1,0,0,2026-02-12 18:28:21.130068
1727760.0,12,42,3000000,1500000,119983,783.0,2,7,0,0,0,3258521.0,1,0,2025,1,0,0,0,1,0,0,0,0,0,1,0,0,1,2026-02-12 18:28:21.130068
2778360.0,6,26,1200000,230000,412662,760.0,3,2,2,0,0,1094039.0,0,0,2025,4,2,0,2,1,0,0,0,0,0,1,0,0,1,2026-02-12 18:28:21.130068
4800000.0,8,29,1111122,15000,550693,740.0,4,3,1,0,1,1168530.0,0,0,2025,8,0,0,2,1,0,0,0,0,0,1,0,0,0,2026-02-12 18:28:21.130068
1694845.2,6,43,15000000,1500000,252996,729.0,12,4,3,0,6,954263.0,1,0,2025,6,4,0,9,1,0,0,0,0,0,1,0,0,1,2026-02-12 18:28:21.130068
4156700.4,12,30,6000000,1000000,326568,762.0,4,3,2,1,0,939017.0,0,1,2025,2,5,0,3,1,0,0,0,0,0,1,0,0,0,2026-02-12 18:28:21.130068
1679880.0,6,41,3000000,1100000,249735,769.0,4,3,1,0,1,1204496.0,1,0,2025,4,2,0,2,1,0,0,0,0,0,0,0,1,1,2026-02-12 18:28:21.130068
936480.0,9,43,5000000,3000000,88653,767.0,11,5,7,1,0,4287998.0,1,0,2025,7,5,0,8,0,1,0,0,0,0,1,0,0,1,2026-02-12 18:28:21.130068
1389240.0,12,42,2000000,300000,108873,803.0,6,4,5,0,0,1374545.0,1,0,2025,1,3,0,5,1,0,0,0,0,0,1,0,0,1,2026-02-12 18:28:21.130068
3360000.0,8,39,2100000,450000,381426,846.0,8,5,5,0,0,2154438.0,1,0,2025,1,5,0,5,1,0,0,0,0,0,1,0,0,1,2026-02-12 18:28:21.130068
8640000.0,36,40,5500000,700000,281570,848.0,7,4,5,0,1,3383613.0,1,0,2025,4,3,0,6,1,0,0,0,0,0,1,0,0,1,2026-02-12 18:28:21.130068
2665297.1999999997,11,31,3600000,2000000,207722,691.0,7,10,0,0,7,917304.0,1,0,2025,4,0,0,7,0,1,0,0,0,0,1,0,0,0,2026-02-12 18:28:21.130068
2180160.0,12,24,1800000,450000,151400,750.0,3,5,1,0,1,1204496.0,0,0,2025,1,5,0,2,1,0,0,0,0,0,0,0,1,0,2026-02-12 18:28:21.130068
3439174.8,6,45,8000000,3000000,510811,826.0,3,6,2,0,0,1900000.0,1,1,2025,2,1,0,2,1,0,0,0,0,0,0,1,0,1,2026-02-12 18:28:21.130068
1131600.0,6,65,4199000,400000,172636,860.0,5,2,2,1,1,1605201.0,2,0,2025,12,4,0,4,1,0,0,0,0,1,0,0,0,1,2026-02-12 18:28:21.130068
5373480.0,12,37,3200000,2000000,373158,815.0,15,6,13,0,0,916148.0,1,0,2025,1,3,0,13,1,0,0,0,0,0,1,0,0,1,2026-02-12 18:28:21.130068
4456075.2,10,29,3500000,1000000,378936,734.0,10,12,5,0,2,1017424.0,0,0,2025,4,3,0,7,0,1,0,0,0,0,1,0,0,0,2026-02-12 18:28:21.130068
3866400.0,6,26,10000000,0,576217,832.0,8,2,8,0,0,1204496.0,0,1,2025,5,6,0,8,1,0,0,0,0,0,0,0,1,0,2026-02-12 18:28:21.130068
1538256.0,10,22,4000000,1500000,130468,672.0,10,8,1,1,7,2344073.0,0,0,2024,12,4,0,9,0,1,0,0,0,0,1,0,0,0,2026-02-12 18:28:21.130068
8496000.0,6,68,12000000,6000000,1262748,757.0,5,5,5,0,0,1204496.0,2,1,2025,3,4,0,5,1,0,0,0,0,0,0,0,1,1,2026-02-12 18:28:21.130068
3068160.0,12,25,1800000,400000,213067,819.0,3,6,1,0,1,1048457.0,0,0,2025,1,3,0,2,1,0,0,0,0,0,1,0,0,1,2026-02-12 18:28:21.130068
2244840.0,12,31,1600000,300000,176133,825.0,5,4,3,0,0,1204496.0,1,0,2024,12,4,0,3,1,0,0,0,0,0,0,0,1,1,2026-02-12 18:28:21.130068
2204100.0,12,39,2000000,300000,172589,798.0,5,6,0,0,2,1204496.0,1,1,2024,12,4,0,2,1,0,0,0,0,0,0,0,1,1,2026-02-12 18:28:21.130068
2674800.0,6,58,1600000,300000,397009,829.0,1,0,1,0,0,1701960.0,2,0,2025,2,1,0,1,1,0,0,0,0,0,1,0,0,1,2026-02-12 18:28:21.130068
2716800.0,12,20,2000000,900000,213797,702.0,7,3,2,0,1,1204496.0,0,1,2025,4,4,0,3,1,0,0,0,0,0,0,0,1,0,2026-02-12 18:28:21.130068
2761737.6,11,49,4500000,2100000,233555,873.0,5,5,4,0,1,1966666.0,1,1,2024,12,6,0,5,0,1,0,0,0,0,1,0,0,1,2026-02-12 18:28:21.130068
1251231.5999999999,12,38,6170000,65000,102895,821.0,8,5,5,0,0,1929965.0,1,0,2025,10,2,0,5,1,0,0,0,0,0,0,1,0,1,2026-02-12 18:28:21.130068
1183695.5999999999,11,36,3400000,1300000,92095,767.0,13,1,3,0,9,1204496.0,1,1,2025,1,2,0,12,0,1,0,0,0,0,0,0,1,1,2026-02-12 18:28:21.130068
1512994.8,10,33,2000000,1000000,128662,839.0,3,3,2,0,0,998667.0,1,0,2025,4,6,0,2,0,1,0,0,0,1,0,0,0,1,2026-02-12 18:28:21.130068
954000.0,12,35,3000000,340000,75074,722.0,6,8,2,0,3,30285.0,1,1,2025,1,1,0,5,1,0,0,0,0,1,0,0,0,0,2026-02-12 18:28:21.130068
878880.0,3,25,5000000,2000000,233237,704.0,8,7,2,0,4,908526.0,0,1,2025,4,2,0,6,0,1,0,0,0,0,1,0,0,0,2026-02-12 18:28:21.130068
1505940.0,6,37,4000000,1500000,223520,833.0,4,2,4,0,0,908526.0,1,1,2024,12,3,0,4,1,0,0,0,0,1,0,0,0,1,2026-02-12 18:28:21.130068
1240920.0,6,41,6000000,3000000,184058,866.0,2,2,2,0,0,6896000.0,1,0,2025,1,2,0,2,1,0,0,0,0,0,1,0,0,1,2026-02-12 18:28:21.130068
2696280.0,12,61,15000000,1000000,211831,799.0,11,5,4,2,3,1204496.0,2,1,2025,2,2,0,9,1,0,0,0,0,0,0,0,1,1,2026-02-12 18:28:21.130068
684600.0,6,43,3800000,260000,101609,832.0,9,8,6,0,2,1204496.0,1,1,2025,1,5,0,8,1,0,0,0,0,0,0,0,1,1,2026-02-12 18:28:21.130068
1299564.0,6,25,1200000,300000,193196,753.0,2,4,0,0,0,1088543.0,0,0,2025,5,1,0,0,1,0,0,0,0,0,1,0,0,0,2026-02-12 18:28:21.130068
647640.0,6,38,1500000,590000,96123,732.0,6,1,0,0,4,908526.0,1,0,2024,12,1,0,4,1,0,0,0,0,1,0,0,0,1,2026-02-12 18:28:21.130068
1560000.0,10,56,3000000,1500000,143817,829.0,3,4,0,2,1,916148.0,2,1,2025,1,6,0,3,1,0,0,0,0,0,1,0,0,1,2026-02-12 18:28:21.130068
2550196.8,11,55,2000000,1100000,198412,779.0,1,0,0,0,1,1204496.0,2,0,2025,1,6,0,1,0,1,0,0,0,0,0,0,1,1,2026-02-12 18:28:21.130068
4290841.2,6,30,8000000,3000000,637742,865.0,6,5,5,0,1,5365448.0,0,0,2025,3,2,0,6,1,0,0,0,0,0,1,0,0,1,2026-02-12 18:28:21.130068
9360000.0,12,47,4800000,1290000,736659,784.0,9,8,7,0,1,933473.0,1,1,2025,4,5,0,8,1,0,0,0,0,0,1,0,0,1,2026-02-12 18:28:21.130068
878880.0,5,59,5000000,2000000,142581,777.0,6,6,1,0,3,999482.0,2,1,2025,4,4,0,4,0,1,0,0,0,0,1,0,0,1,2026-02-12 18:28:21.130068
2146414.8,10,50,1800000,1200000,182527,773.0,8,3,2,0,6,1672953.0,1,0,2025,5,5,0,8,0,1,0,0,0,0,1,0,0,1,2026-02-12 18:28:21.130068
1439880.0,6,66,5670000,3660000,218206,767.0,13,4,10,1,0,984754.0,2,0,2025,10,2,0,11,1,0,0,0,0,0,1,0,0,1,2026-02-12 18:28:21.130068
1808514.0,11,52,1599000,244000,141672,853.0,2,2,0,0,2,133334.0,2,0,2025,8,3,0,2,0,1,0,0,0,1,0,0,0,1,2026-02-12 18:28:21.130068
2446106.4,10,26,1800000,600000,207467,776.0,0,4,0,0,0,908526.0,0,1,2025,2,5,0,0,0,1,0,0,0,1,0,0,0,0,2026-02-12 18:28:21.130068
1200000.0,6,43,5000000,500000,178466,787.0,2,1,0,1,0,1204496.0,1,1,2025,6,1,0,1,1,0,0,0,0,0,0,0,1,1,2026-02-12 18:28:21.130068
1225080.0,12,61,3600000,1200000,96417,854.0,11,3,6,1,2,2251832.0,2,0,2025,4,5,0,9,1,0,0,0,0,0,1,0,0,1,2026-02-12 18:28:21.130068
1920000.0,10,28,1900000,500000,177669,720.0,4,5,2,2,0,1315841.0,0,0,2025,3,5,0,4,1,0,0,0,0,0,1,0,0,0,2026-02-12 18:28:21.130068
2798040.0,12,41,3800000,1000000,194308,810.0,3,2,2,0,1,1311326.0,1,0,2025,1,6,0,3,1,0,0,0,0,0,0,1,0,1,2026-02-12 18:28:21.130068
2802000.0,12,32,1600000,0,220775,832.0,1,2,0,0,1,1600000.0,1,0,2025,1,1,0,1,1,0,0,0,0,1,0,0,0,1,2026-02-12 18:28:21.130068
3057480.0,12,38,3500000,2500000,239451,840.0,3,2,1,2,0,2751101.0,1,0,2025,1,4,0,3,1,0,0,0,0,0,1,0,0,1,2026-02-12 18:28:21.130068
548232.0,2,43,5000000,2000000,216259,711.0,4,4,0,1,2,454263.0,1,1,2025,5,4,0,3,0,1,0,0,0,0,0,1,0,0,2026-02-12 18:28:21.130068
714000.0,6,37,3800000,1500000,106931,739.0,4,8,0,0,1,942090.0,1,1,2025,5,6,0,1,1,0,0,0,0,0,1,0,0,0,2026-02-12 18:28:21.130068
2129019.6,10,33,4500000,2800000,181237,746.0,5,5,1,0,0,469405.0,1,1,2025,5,5,0,1,0,1,0,0,0,0,1,0,0,0,2026-02-12 18:28:21.130068
3115046.4,9,20,1000000,500000,291894,757.0,2,1,1,0,0,1585714.0,0,0,2025,5,5,0,1,0,1,0,0,0,0,1,0,0,1,2026-02-12 18:28:21.130068
768000.0,6,42,1200000,400000,114636,796.0,3,2,1,0,2,1204496.0,1,0,2025,4,0,0,3,1,0,0,0,0,0,0,0,1,1,2026-02-12 18:28:21.130068
2492400.0,24,62,3500000,200000,109209,816.0,2,2,1,0,1,925157.0,2,0,2025,3,5,0,2,1,0,0,0,0,0,1,0,0,1,2026-02-12 18:28:21.130068
2837053.1999999997,10,68,3500000,2000000,241257,783.0,5,0,1,0,1,939017.0,2,0,2025,5,4,0,2,0,1,0,0,0,0,1,0,0,1,2026-02-12 18:28:21.130068
1337220.0,6,51,3000000,200000,198794,766.0,2,0,0,0,1,946640.0,2,1,2025,5,4,0,1,1,0,0,0,0,0,1,0,0,1,2026-02-12 18:28:21.130068
847340.4,6,60,3500000,800000,125968,790.0,5,4,3,0,1,1204496.0,2,1,2025,4,3,0,4,1,0,0,0,0,0,0,0,1,1,2026-02-12 18:28:21.130068
4451280.0,36,32,3155000,604000,167955,769.0,3,1,1,0,0,1204496.0,1,0,2026,1,4,0,1,1,0,0,0,0,0,0,0,1,0,2026-02-12 18:28:21.130068
2160000.0,12,41,5400000,1500000,170750,795.0,5,5,4,0,0,6701602.0,1,0,2025,3,1,0,4,1,0,0,0,0,0,1,0,0,1,2026-02-12 18:28:21.130068
2543881.1999999997,12,63,5000000,2000000,200107,762.0,10,3,7,0,0,1204496.0,2,1,2025,3,4,0,7,1,0,0,0,0,0,0,0,1,1,2026-02-12 18:28:21.130068
878880.0,9,46,5000000,2000000,82276,794.0,2,0,1,0,1,1204496.0,1,1,2025,5,5,0,2,0,1,0,0,0,0,0,0,1,1,2026-02-12 18:28:21.130068
2400000.0,8,27,1290000,128000,278338,731.0,4,4,0,1,0,977131.0,0,1,2025,9,4,0,1,1,0,0,0,0,0,1,0,0,0,2026-02-12 18:28:21.130068
1493632.8,9,51,3480000,2350000,139960,825.0,8,6,5,0,1,402180.0,2,1,2025,6,4,0,6,0,1,0,0,0,0,1,0,0,1,2026-02-12 18:28:21.130068
945240.0,6,30,1100000,500000,131283,728.0,4,2,1,1,0,868147.0,0,0,2025,1,2,0,2,1,0,0,0,0,0,1,0,0,1,2026-02-12 18:28:21.130068
6708000.0,12,47,3460000,1369000,548316,777.0,7,4,2,0,5,977131.0,1,0,2025,8,6,1,7,1,0,0,0,0,0,1,0,0,1,2026-02-12 18:28:21.130068
1885438.8,8,42,3000000,1000000,216337,842.0,5,2,3,0,0,961885.0,1,1,2025,7,4,0,3,1,0,0,0,0,0,1,0,0,1,2026-02-12 18:28:21.130068
3135600.0,30,48,5900000,1328000,121538,808.0,4,5,1,2,0,3071044.0,1,0,2025,9,2,0,3,1,0,0,0,0,0,1,0,0,1,2026-02-12 18:28:21.130068
1677541.2,9,28,2000000,1000000,157268,721.0,1,2,0,0,0,2085333.0,0,0,2025,6,4,0,0,0,1,0,0,0,0,0,1,0,0,2026-02-12 18:28:21.130068
878880.0,9,47,5000000,2000000,82198,757.0,6,7,4,0,2,1000000.0,1,0,2025,4,2,0,6,0,1,0,0,0,0,1,0,0,1,2026-02-12 18:28:21.130068
1784280.0,12,47,2300000,450000,123908,799.0,4,2,1,0,0,908526.0,1,1,2025,1,6,0,1,1,0,0,0,0,1,0,0,0,1,2026-02-12 18:28:21.130068
1089874.8,10,46,4300000,3000000,92535,855.0,1,2,1,0,0,4433429.0,1,1,2025,3,2,0,1,0,1,0,0,0,0,1,0,0,1,2026-02-12 18:28:21.130068
5582598.0,10,35,4000000,1000000,472745,786.0,7,3,4,1,2,1204496.0,1,1,2024,12,2,0,7,0,1,0,0,0,0,0,0,1,0,2026-02-12 18:28:21.130068
1269000.0,2,55,5000000,2000000,500578,778.0,3,3,1,0,1,954263.0,2,1,2025,5,5,0,2,0,1,0,0,0,0,1,0,0,1,2026-02-12 18:28:21.130068
1144800.0,6,49,2257000,1000000,170189,827.0,4,2,1,0,1,2835797.0,1,0,2025,5,5,0,2,1,0,0,0,0,0,1,0,0,1,2026-02-12 18:28:21.130068
1079986.8,8,43,5000000,2000000,112785,820.0,7,5,3,0,1,839301.0,1,1,2025,5,2,0,4,0,1,0,0,0,0,0,1,0,1,2026-02-12 18:33:38.248164
7033200.0,12,38,5850000,2825000,564475,813.0,7,9,5,0,0,2000000.0,1,1,2025,9,2,0,5,1,0,0,0,0,1,0,0,0,0,2026-02-12 18:33:38.248164
431640.0,6,41,3500000,550000,64110,778.0,21,10,9,0,11,1083636.0,1,0,2025,1,0,0,20,1,0,0,0,0,0,1,0,0,1,2026-02-12 18:33:38.248164
2400000.0,18,50,2290000,344000,138740,791.0,5,6,2,0,1,1204496.0,1,0,2025,10,4,0,3,0,0,1,0,0,0,0,0,1,1,2026-02-12 18:33:38.248164
2062800.0,6,24,2000000,100000,306800,758.0,2,4,1,0,0,1000000.0,0,1,2025,5,2,0,1,1,0,0,0,0,1,0,0,0,0,2026-02-12 18:33:38.248164
1920000.0,6,42,2600000,1600000,285160,782.0,6,4,3,0,2,1204496.0,1,1,2025,2,4,0,5,1,0,0,0,0,0,0,0,1,1,2026-02-12 18:33:38.248164
2976958.8,12,54,6000000,2600000,233592,861.0,16,6,10,0,1,7977074.0,2,0,2024,12,2,0,11,1,0,0,0,0,0,1,0,0,1,2026-02-12 18:33:38.248164
2222160.0,6,49,2500000,700000,330351,796.0,1,4,1,0,0,1204496.0,1,1,2025,4,0,0,1,1,0,0,0,0,0,0,0,1,1,2026-02-12 18:33:38.248164
2400000.0,6,37,7500000,700000,333333,738.0,12,5,3,0,6,2927272.0,1,1,2025,1,2,0,9,1,0,0,0,0,1,0,0,0,0,2026-02-12 18:33:38.248164
4800000.0,8,29,1111122,15000,550693,740.0,4,3,1,0,1,1168530.0,0,0,2025,8,0,0,2,1,0,0,0,0,0,1,0,0,0,2026-02-12 18:33:38.248164
574800.0,6,47,1000000,0,86084,865.0,2,2,2,0,0,930303.0,1,0,2025,5,3,0,2,1,0,0,0,0,0,0,1,0,1,2026-02-12 18:33:38.248164
1864800.0,6,34,4000000,1200000,277915,746.0,3,3,2,1,0,1204496.0,1,1,2025,4,0,0,3,1,0,0,0,0,0,0,0,1,0,2026-02-12 18:33:38.248164
1974300.0,12,43,1500000,200000,155110,769.0,5,3,4,0,1,931394.0,1,0,2025,3,0,0,5,1,0,0,0,0,0,1,0,0,1,2026-02-12 18:33:38.248164
1992000.0,6,47,2500000,1000000,296872,751.0,3,2,2,0,1,1204496.0,1,0,2025,5,1,0,3,1,0,0,0,0,0,0,0,1,1,2026-02-12 18:33:38.248164
776900.4,11,51,7000000,3500000,60548,767.0,11,8,6,0,4,925157.0,2,1,2025,3,3,0,10,0,1,0,0,0,0,1,0,0,1,2026-02-12 18:33:38.248164
1159815.5999999999,10,32,1800000,900000,98732,763.0,4,3,3,0,0,941789.0,1,1,2025,5,3,0,3,0,1,0,0,0,0,1,0,0,1,2026-02-12 18:33:38.248164
2009880.0,12,31,1100000,450000,139575,790.0,1,4,1,0,0,924166.0,1,0,2025,1,3,0,1,1,0,0,0,0,0,1,0,0,1,2026-02-12 18:33:38.248164
1498992.0,3,49,4000000,2000000,397569,801.0,3,2,0,0,1,1848142.0,1,1,2025,2,2,0,1,0,1,0,0,0,0,1,0,0,1,2026-02-12 18:33:38.248164
3342840.0,12,31,2000000,450000,262301,795.0,2,7,0,1,1,651857.0,1,0,2024,12,5,0,2,1,0,0,0,0,0,1,0,0,0,2026-02-12 18:33:38.248164
1553592.0,6,27,2940000,1196000,233844,791.0,5,5,4,0,0,1743292.0,0,0,2025,8,0,0,4,1,0,0,0,0,0,0,1,0,0,2026-02-12 18:33:38.248164
3600000.0,18,57,1200000,400000,199015,769.0,2,2,0,0,2,1028087.0,2,0,2024,12,1,0,2,1,0,0,0,0,0,1,0,0,1,2026-02-12 18:33:38.248164
3116400.0,12,44,2700000,300000,244216,804.0,7,3,1,3,1,2425000.0,1,0,2025,1,3,0,5,1,0,0,0,0,0,1,0,0,1,2026-02-12 18:33:38.248164
360000.0,6,61,2280000,707000,54647,806.0,6,5,3,0,3,2047563.0,2,0,2025,9,2,0,6,1,0,0,0,0,0,1,0,0,1,2026-02-12 18:33:38.248164
3251820.0,6,29,2100000,262000,494475,780.0,2,8,1,0,0,1000000.0,0,0,2025,11,5,0,1,1,0,0,0,0,0,1,0,0,0,2026-02-12 18:33:38.248164
924000.0,18,44,2235000,800000,51806,829.0,6,0,4,0,1,1204496.0,1,0,2025,4,4,0,5,1,0,0,0,0,0,0,0,1,1,2026-02-12 18:33:38.248164
1258714.8,12,66,1800000,300000,99491,860.0,4,1,3,0,1,1204496.0,2,1,2025,3,1,0,4,1,0,0,0,0,0,0,0,1,1,2026-02-12 18:33:38.248164
1991880.0,12,40,2090000,550000,157460,860.0,6,3,2,1,0,1857777.0,1,0,2025,5,1,0,3,1,0,0,0,0,0,1,0,0,1,2026-02-12 18:33:38.248164
1320000.0,6,39,3000000,1200000,196056,848.0,6,1,2,0,1,1090231.0,1,1,2025,1,6,0,3,1,0,0,0,0,1,0,0,0,1,2026-02-12 18:33:38.248164
3297060.0,12,48,1500000,300000,258214,823.0,3,3,1,0,0,1560031.0,1,0,2024,12,3,0,1,1,0,0,0,0,0,1,0,0,1,2026-02-12 18:33:38.248164
1200000.0,12,47,1400000,400000,94042,831.0,3,5,1,0,0,966599.0,1,0,2025,1,2,0,1,1,0,0,0,0,1,0,0,0,1,2026-02-12 18:33:38.248164
1476000.0,12,67,850000,100000,115666,793.0,0,5,0,0,0,905965.0,2,0,2024,11,5,1,0,1,0,0,0,0,0,1,0,0,1,2026-02-12 18:33:38.248164
1560000.0,6,57,2800000,650000,216667,898.0,2,1,1,0,0,333127.0,2,1,2025,1,2,0,1,1,0,0,0,0,1,0,0,0,1,2026-02-12 18:33:38.248164
2400000.0,12,39,1500000,0,188320,816.0,4,7,3,0,0,1204496.0,1,0,2024,12,3,0,3,1,0,0,0,0,0,0,0,1,1,2026-02-12 18:33:38.248164
952800.0,12,54,1200000,800000,74794,836.0,1,2,0,1,0,1541920.0,2,0,2024,12,1,0,1,1,0,0,0,0,0,1,0,0,1,2026-02-12 18:33:38.248164
1245240.0,12,48,5800000,2300000,97523,807.0,11,3,4,0,3,1547559.0,1,0,2025,1,0,0,7,1,0,0,0,0,0,1,0,0,1,2026-02-12 18:33:38.248164
2778360.0,6,26,1200000,230000,412662,760.0,3,2,2,0,0,1094039.0,0,0,2025,4,2,0,2,1,0,0,0,0,0,1,0,0,1,2026-02-12 18:33:38.248164
2934540.0,36,47,2000000,800000,95173,770.0,22,17,7,0,13,6344876.0,1,0,2025,3,1,0,20,1,0,0,0,0,0,1,0,0,1,2026-02-12 18:33:38.248164
816000.0,6,54,2500000,600000,121801,813.0,5,4,0,4,0,945115.0,2,0,2025,5,5,1,4,1,0,0,0,0,0,1,0,0,1,2026-02-12 18:33:38.248164
3600000.0,36,43,2500000,200000,118646,819.0,0,1,0,0,0,1459090.0,1,0,2025,3,6,0,0,1,0,0,0,0,0,1,0,0,0,2026-02-12 18:33:38.248164
5854800.0,24,38,6000000,3500000,260842,839.0,3,2,2,0,1,1562215.0,1,1,2025,4,3,0,3,1,0,0,0,0,0,0,0,1,0,2026-02-12 18:33:38.248164
1542840.0,12,54,1240000,300000,120810,735.0,7,5,0,0,6,908526.0,2,0,2024,12,2,0,6,1,0,0,0,0,1,0,0,0,0,2026-02-12 18:33:38.248164
1896000.0,6,41,8000000,7000000,281800,743.0,11,4,5,0,0,925157.0,1,1,2025,2,3,0,5,1,0,0,0,0,0,1,0,0,1,2026-02-12 18:33:38.248164
495600.0,6,40,6000000,3000000,73509,798.0,7,4,3,0,3,4350519.0,1,0,2025,1,4,0,6,1,0,0,0,0,0,1,0,0,1,2026-02-12 18:33:38.248164
1440000.0,12,22,1170000,600000,112776,738.0,2,3,0,0,2,975496.0,0,0,2024,12,6,0,2,1,0,0,0,0,0,0,1,0,0,2026-02-12 18:33:38.248164
1616280.0,6,48,4000000,1000000,240213,798.0,3,2,0,0,2,5920344.0,1,0,2025,3,0,0,2,1,0,0,0,0,0,1,0,0,1,2026-02-12 18:33:38.248164
2837053.1999999997,10,68,3500000,2000000,241257,783.0,5,0,1,0,1,939017.0,2,0,2025,5,4,0,2,0,1,0,0,0,0,1,0,0,1,2026-02-12 18:33:38.248164
1064038.8,6,34,2625000,1388000,160158,808.0,5,10,3,0,1,2625000.0,1,0,2025,8,3,0,4,1,0,0,0,0,1,0,0,0,1,2026-02-12 18:33:38.248164
1116120.0,12,51,1100000,0,88230,805.0,5,2,1,1,1,1072678.0,2,0,2025,3,1,0,3,1,0,0,0,0,0,1,0,0,1,2026-02-12 18:33:38.248164
2067240.0,6,67,3000000,1300000,287117,787.0,9,2,2,0,0,916148.0,2,0,2025,1,3,0,2,1,0,0,0,0,0,1,0,0,1,2026-02-12 18:33:38.248164
916800.0,6,60,2000000,850000,136263,770.0,5,5,1,0,3,30285.0,2,1,2025,3,3,0,4,1,0,0,0,0,1,0,0,0,1,2026-02-12 18:33:38.248164
